{"cameraMode":{"drawMode":0,"name":"Shaded","section":"Shading Mode"},"sceneLighting":true,"audioPlay":false,"sceneViewState":{"showFog":true,"showMaterialUpdate":false,"showSkybox":true,"showFlares":true,"showImageEffects":true,"showParticleSystems":true},"in2DMode":false,"pivot":{"x":8.962808609008789,"y":1.2671699523925782,"z":-5.676139831542969},"rotation":{"x":-0.01131580863147974,"y":0.9822950959205627,"z":-0.1760188192129135,"w":-0.06314918398857117},"size":13.608617782592774,"orthographic":false}